{
  "table_of_contents": [
    {
      "title": "Anwendungen f\u00fcr kleine Lochblenden in der Polarisations- und Quantenoptik",
      "heading_level": null,
      "page_id": 0,
      "polygon": [
        [
          70.80000305175781,
          72.359375
        ],
        [
          525.5277709960938,
          72.359375
        ],
        [
          525.5277709960938,
          84.64276123046875
        ],
        [
          70.80000305175781,
          84.64276123046875
        ]
      ]
    },
    {
      "title": "1 Einf\u00fchrung",
      "heading_level": null,
      "page_id": 0,
      "polygon": [
        [
          70.59814453125,
          248.32421875
        ],
        [
          136.2397003173828,
          248.32421875
        ],
        [
          136.2397003173828,
          259.374267578125
        ],
        [
          70.59814453125,
          259.374267578125
        ]
      ]
    },
    {
      "title": "2 Lochblenden als Raumfilter",
      "heading_level": null,
      "page_id": 0,
      "polygon": [
        [
          70.80028533935547,
          432.9228515625
        ],
        [
          214.474609375,
          432.9228515625
        ],
        [
          214.474609375,
          445.61639404296875
        ],
        [
          70.80028533935547,
          445.61639404296875
        ]
      ]
    },
    {
      "title": "3 Ein kontinuierlicher Polarisations - \n kompensator ohne Keile",
      "heading_level": null,
      "page_id": 0,
      "polygon": [
        [
          314.3505859375,
          518.9412841796875
        ],
        [
          493.59564208984375,
          518.9412841796875
        ],
        [
          493.59564208984375,
          540.5416870117188
        ],
        [
          314.3505859375,
          540.5416870117188
        ]
      ]
    }
  ],
  "page_stats": [
    {
      "page_id": 0,
      "text_extraction_method": "pdftext",
      "block_counts": [
        [
          "Span",
          195
        ],
        [
          "Line",
          78
        ],
        [
          "Text",
          7
        ],
        [
          "SectionHeader",
          4
        ],
        [
          "Figure",
          1
        ],
        [
          "Caption",
          1
        ],
        [
          "FigureGroup",
          1
        ]
      ],
      "block_metadata": {
        "llm_request_count": 0,
        "llm_error_count": 0,
        "llm_tokens_used": 0,
        "previous_text": "",
        "previous_type": "",
        "previous_order": 0
      }
    }
  ],
  "debug_data_path": "debug_data/105_h6"
}